fraction,n_activation_rows,unit_count,median_activation_energy_relative_std,p90_activation_energy_relative_std,mean_activation_energy_relative_std,median_combined_relative_std,p90_combined_relative_std,mean_combined_relative_std
0.25,1,2295,0.0,0.0,0.0,1.7541160386140584,2.1989008243131014,1.8282724918596096
0.25,2,1719,0.0029316358104462545,0.1703292554521616,0.04807331993826947,1.2403482910880477,1.524168734887595,1.2622162710327156
0.25,3,1308,0.0045170289037398115,0.254293638615615,0.07046229794317442,1.012191166588075,1.2256669039831982,1.0247166107502508
0.25,4,1104,0.005311449595191117,0.25297996737393663,0.0761249551391075,0.8772973338211525,1.06672518122133,0.8943733611257597
0.25,5,849,0.004980684411166418,0.2897307779134518,0.08594330395609041,0.7859058129217279,0.9423538038603386,0.803520335361997
0.25,6,798,0.0038913628266628694,0.197291705764054,0.05758983607800072,0.7149804295261386,0.8557383288717684,0.7248628731715382
0.25,7,651,0.0033125402688666946,0.1995985495736453,0.059442729967018,0.6678532338840474,0.7777222219014146,0.6701430555268787
0.25,8,624,0.003549308620983415,0.20658038280333652,0.06177277964838366,0.6213586533692244,0.7317736508861066,0.6257781058305562
0.25,9,507,0.004282708898205956,0.22979898667810533,0.06459566397282707,0.587531076017574,0.6979154219998525,0.5894057723826089
0.25,10,498,0.003461234095155684,0.15755320612196702,0.047326421445880985,0.5527461407096399,0.6492939629643762,0.5572583763606167
0.25,11,483,0.002767668876720373,0.1687337948209308,0.050362091273887216,0.5256490207005999,0.6076992748402843,0.5258192839153571
0.25,12,375,0.0033396232604665683,0.16519403633949326,0.05012409318907072,0.500162423031974,0.5919506740338889,0.50920244901671
0.25,13,375,0.0032410361793877656,0.17316452028287313,0.0539523192026031,0.48961566957548386,0.5754417385776107,0.4935448557320618
0.25,14,375,0.0024856020273431767,0.1500932286966273,0.04403672834425247,0.4680754836635112,0.543760884838058,0.47011188033247087
0.25,15,375,0.002434279352670739,0.1627148933364873,0.050897946785983236,0.4472955776387524,0.5321399745066578,0.45457764699029213
0.25,16,297,0.0028002240259119124,0.15845244074298798,0.04906661588778335,0.4384748097916212,0.5089038202174231,0.4412892625819715
0.25,17,327,0.003064350270423943,0.17076109818562868,0.057884092864367825,0.4329123466031499,0.5100104575715387,0.4400855596521073
0.25,18,273,0.00201920531027863,0.14101509141973245,0.04369788975832069,0.4075462704591173,0.47980832413470514,0.41282245599614004
0.25,19,309,0.002030498301442085,0.15161663168125766,0.04296037741091846,0.40418538572108204,0.4710960075115774,0.40421532502421237
0.25,20,249,0.002566422252682521,0.1450620200788097,0.043140333826153815,0.39903378848937787,0.460436662647341,0.3973052987197888
0.25,21,231,0.0025899643375592797,0.14635533817711618,0.04300603915938869,0.3773703066117401,0.4427783109389615,0.3813687840502452
0.25,22,255,0.002463537526766302,0.11112782114024158,0.03431031145600242,0.36681873438499446,0.4314161253805364,0.3698086885796572
0.25,23,225,0.0026134949537182767,0.11938241705745482,0.03714683021895531,0.36218000338008705,0.4223756482560777,0.365204908886527
0.25,24,198,0.0017612698407285354,0.12014690327863625,0.03675313597450782,0.35534670448617744,0.42004492461965004,0.3595122272099138
0.25,25,183,0.0019168993214861618,0.13426061427580746,0.04416703992175147,0.35324038160473725,0.40565518191235217,0.3587158435080044
0.25,26,180,0.0020081471864387525,0.10877935075639171,0.032807657355841784,0.3443895908625799,0.39396246521088335,0.3433682811857518
0.25,27,195,0.0020236502067296023,0.12488656660311359,0.03928645665517836,0.33788990297046206,0.38763565057525795,0.34057210848305725
0.25,28,168,0.0017668589399638542,0.13957927809976145,0.03957961098859973,0.3349967989425517,0.3819987651502033,0.3341645874765477
0.25,29,171,0.001976263790174222,0.12690612614172442,0.03722162270098703,0.328928354578846,0.3759101432907782,0.32999033663117655
0.25,30,165,0.002305706981005729,0.137288931933702,0.03938383589034634,0.3200653733226148,0.3786260681266866,0.32550692848022333
0.25,31,114,0.0014289610460964093,0.11137710455304421,0.035265919387303654,0.31585022184154854,0.3648592944588149,0.31641774324463057
0.25,32,156,0.0018622095651096569,0.11561975392972465,0.03362016983870882,0.30594358881783806,0.360329875765214,0.31168864276962066
0.25,33,129,0.0017062012296827612,0.10729763202990196,0.03169491838401379,0.3092882458718396,0.35101170462122216,0.311557449595319
0.25,34,144,0.002211429493254988,0.12256864549970839,0.03651031219321253,0.30518576045323575,0.3490411680342608,0.3063960582403206
0.25,35,138,0.002465187361516661,0.11865807077553599,0.033151964692512435,0.29553397723148606,0.33797145050120414,0.297091099125742
0.25,36,126,0.002405652402177629,0.1080461209565502,0.03245535705826081,0.28805123646642894,0.3406444097638055,0.2929588721687119
0.25,37,102,0.0016866916142655331,0.11024602954729884,0.03333938576214988,0.28418905868043076,0.3237989960120626,0.28669506389761606
0.25,38,129,0.0017777125805886473,0.11957838910835461,0.033882070454355026,0.29067346320615073,0.3277028330141233,0.28801353227250676
0.25,39,90,0.0011670161498660465,0.1001384344728325,0.029772421297338716,0.28415538116780104,0.32924061079874967,0.28474463061079447
0.25,40,75,0.001528129987003969,0.10821717157087578,0.035567499672710334,0.27819160711005814,0.3204612501776919,0.2779627483589028
0.25,41,114,0.0017866490697957583,0.09011359900836434,0.030915954622359198,0.26668694905473855,0.31053383377463306,0.27231246798307535
0.25,42,123,0.0013606181340916194,0.090368301497266,0.02857340242859344,0.27022267420335505,0.31553308460662816,0.27160440907001293
0.25,43,87,0.001995678010037294,0.0911957051205635,0.02543947903369014,0.2631988264348222,0.30434065740283595,0.2645661712482784
0.25,44,87,0.0016194629740076455,0.10456317805595099,0.03357493660375501,0.2631528896490356,0.2988543165804806,0.2653350896491339
0.25,45,120,0.0013978928069864878,0.11811271309088045,0.031889947206543166,0.2617096306291601,0.3100995208005221,0.2646764523572492
0.25,46,84,0.0015648582426938122,0.10008168313898506,0.030276224485110702,0.256660261176047,0.30844631155595287,0.26097573868961393
0.25,47,93,0.00170135027766224,0.11387100227313471,0.03425757417766365,0.2556472145539891,0.2920490654174509,0.25659528816461075
0.25,48,96,0.001327549122094709,0.09145371811494377,0.028732799210033255,0.24835597355357797,0.29074504792877187,0.25160946698326975
0.25,49,132,0.0014846937758131208,0.09751132448517952,0.028910816676654152,0.25501361589306937,0.28721602954926445,0.2510138994772091
0.25,50,81,0.001929144281842022,0.10568397749948401,0.028682927557293514,0.2482640780053611,0.2827971530019016,0.24967151913058913
0.25,51,87,0.001198159431152532,0.08947951479863168,0.026272654276995412,0.24719905616458598,0.2895827194689816,0.24924635602004427
0.25,52,81,0.0013146034300662345,0.08636919645275346,0.028940322470427614,0.24569295687889678,0.275551304392737,0.24740734198062264
0.25,53,84,0.0013416753014630523,0.09669970408193493,0.028105699238109166,0.2454272290177656,0.27649234043933735,0.2433713513624782
0.25,54,63,0.0011971054882610353,0.08139353585972191,0.02973185128736043,0.24063089896282405,0.26777939562210634,0.2387557849854489
0.25,55,99,0.0014152731865289183,0.07960419715308513,0.025777910177895845,0.23882715929308684,0.2790447938943927,0.23959491845949393
0.25,56,66,0.0014285264821559882,0.07431110609725726,0.02356189651157798,0.22370413274298723,0.26425093615817785,0.22834695007231204
0.25,57,51,0.0013492397546156047,0.06613899856201674,0.02068350934394113,0.23053300310838784,0.2684638650071927,0.23294530672939937
0.25,58,66,0.0012926238485849362,0.08253998482825833,0.025360187174167017,0.2302144296297506,0.2520162728553129,0.22838259033661976
0.25,59,66,0.0015462360641070863,0.10625443786357192,0.02868987632898205,0.23161098256133716,0.2687296357538653,0.23337481678009786
0.25,60,99,0.0012280593159533,0.08482260177668474,0.024109165586844318,0.22454659304979124,0.2658363496792104,0.22839606003818372
0.25,61,57,0.0014641578204671866,0.07798128446267434,0.026297900516676458,0.23540072825130967,0.27459007248111916,0.23716338790847488
0.25,62,72,0.0012828263595250223,0.08350006268003445,0.023907641544573373,0.22176422406694746,0.25968959008349457,0.22434347663682827
0.25,63,51,0.0012485081663515896,0.0997406303441795,0.026272587214672453,0.22632812595065732,0.2616774678122338,0.22743510143046822
0.25,64,8896,0.0011099023041541661,0.08155553147443409,0.023949489853877216,0.1295058401344238,0.20298535296326384,0.1257196592374208
0.5,1,2295,0.0,0.0,0.0,1.0127393670836666,1.2403473458920846,1.029078793348435
0.5,2,1719,0.0029418433003661777,0.17247218513584273,0.04813806216929572,0.7160079825983547,0.8639409386987911,0.7286556840320828
0.5,3,1308,0.002290113564215126,0.12897642485404257,0.03540484798446159,0.5748752587839231,0.6793918345048154,0.5798233100368434
0.5,4,1104,0.002926479751688987,0.14709563648369478,0.04418092855865692,0.5058430006922134,0.5943358398820388,0.5084147398198355
0.5,5,849,0.002004252804540354,0.12098757936453511,0.03468969049698256,0.45194271725005025,0.5277064452064157,0.4535918670378286
0.5,6,798,0.0027540257088266053,0.1390112522730935,0.04028121447875126,0.4098031672288378,0.48699683205304223,0.4132418165441403
0.5,7,651,0.0018334379189621026,0.11107214250553382,0.03265970480447574,0.38078726234319393,0.44582769914154485,0.38446903606773314
0.5,8,624,0.0020016612117482323,0.11514296238484653,0.035946243687132035,0.35307288738135467,0.413649248265588,0.3557856471949196
0.5,9,507,0.002079055944358623,0.10574088102599491,0.030601545766575682,0.33969230799489875,0.3985410556513356,0.34050078682256946
0.5,10,498,0.0022157307412207826,0.10387316545809812,0.03111394137879629,0.31927077595204634,0.37560578637199954,0.32193786933627727
0.5,11,483,0.001509676723681109,0.09137418349841551,0.0279624831160464,0.3039429831557974,0.34951608463617323,0.30425016750241474
0.5,12,375,0.0019823391231648564,0.09143561272002859,0.02914931485215319,0.28582534729219866,0.33913399009918904,0.29002149179585424
0.5,13,375,0.0015638750936768195,0.08683879901905414,0.026728384272126364,0.2808700703129363,0.32584278119977883,0.28115367194858387
0.5,14,375,0.0015532903692734982,0.0900022915979884,0.027678975554525736,0.26658065049643614,0.31598577850228005,0.26942431241672604
0.5,15,375,0.0013955714656746052,0.09255639678832706,0.02881888882957367,0.26051665996432954,0.2977849249340949,0.26135290458000215
0.5,16,297,0.0016542208404036265,0.09482529282295238,0.028415074073955573,0.2528991782243614,0.3025286798721225,0.25553472332312943
0.5,17,327,0.0014696917134968334,0.08758577700631935,0.02995236370344349,0.24519583872792952,0.2869484103403306,0.24815061843297828
0.5,18,273,0.0012131724293656528,0.0840197394287189,0.02603504852303936,0.23884437151342025,0.2757388109518034,0.23979169572215275
0.5,19,309,0.001172684816102599,0.08028559482943282,0.023955815314536538,0.2313389571085359,0.2702850173773207,0.23176680100876984
0.5,20,249,0.0015033920016562766,0.07859753044967617,0.02468516637279213,0.2273258307536402,0.26350838556130834,0.22794093967342638
0.5,21,231,0.0013534910257234434,0.07546475900291919,0.023141185752157935,0.2213243022070797,0.251569353414531,0.2214381089477519
0.5,22,255,0.0014847032309510393,0.0699331608061264,0.021066452785145816,0.2152709341335182,0.24969896523437696,0.21584151876049143
0.5,23,225,0.0015349050652210111,0.06811200312631309,0.021168847037619423,0.21370921188311007,0.24234100613187856,0.21031573541980322
0.5,24,198,0.0010320560510665598,0.06499666557826991,0.02059319745994325,0.20586251916121967,0.2369177357104608,0.20437402054832013
0.5,25,183,0.0010091599403964694,0.07291084230349967,0.0236431701192836,0.1994016404751851,0.2323599837398675,0.2027069364223607
0.5,26,180,0.0013428448231091314,0.0649064214476467,0.020224291783534416,0.19919701400485784,0.2301822588301787,0.20077001172855496
0.5,27,195,0.0011016933615770222,0.06926173232636283,0.02263999779853906,0.19288352533981243,0.22525649037155596,0.19564823692007463
0.5,28,168,0.0010324447906072615,0.07901158029603744,0.022252381308460804,0.19196219419163613,0.2291989967520569,0.1960269552941535
0.5,29,171,0.001091285908978112,0.06930053177060892,0.020519186114182342,0.19257530229015676,0.2190170188543292,0.19186427006619364
0.5,30,165,0.0013941751555628936,0.08381455792213352,0.023735841872295518,0.18514483438113477,0.21788799107734094,0.18755954858250865
0.5,31,114,0.0008340001194714654,0.0651683363083201,0.02029479420676065,0.1785984929437644,0.2091596472873327,0.17876642256549152
0.5,32,156,0.0010571930141714718,0.062158793527871486,0.0187354475902862,0.1808164681773402,0.2038120361288848,0.18034627740414105
0.5,33,129,0.0009831643059183884,0.06524844744351174,0.01786959949486835,0.17869792752432312,0.20731671945733196,0.178974900938349
0.5,34,144,0.001320567057322244,0.07251405887680236,0.022538501097852912,0.17320474696531946,0.20044135576137584,0.1735514659253844
0.5,35,138,0.001413749057402544,0.07013306280636716,0.01848259710234547,0.16898172475794598,0.19322619505777716,0.1681853995857297
0.5,36,126,0.0013002981119373852,0.06105644869902687,0.018762157528240012,0.1705721822380009,0.1940042746082266,0.17135629725731402
0.5,37,102,0.0008404162979278233,0.05962845672371319,0.01875690428439256,0.16656638221994868,0.19127608347054706,0.16723206153766587
0.5,38,129,0.0010948310223107879,0.06710673930763594,0.019715327168584894,0.163072683544321,0.18787441577714808,0.16436613382111903
0.5,39,90,0.0007407976550067202,0.056102038446176984,0.016946876861514137,0.1600593689542768,0.1893763302658943,0.16056510627451315
0.5,40,75,0.0008852295750084225,0.06621691617335455,0.020940241966510863,0.16082460337233787,0.19276175826511965,0.16359217203164875
0.5,41,114,0.000981583091415225,0.050579103433051845,0.017427423249145688,0.1575345354163512,0.1818809121410221,0.1583245291349291
0.5,42,123,0.000792382668098603,0.0511481619942673,0.016981125925221708,0.15632971669002393,0.1822310790628353,0.15717049068943995
0.5,43,87,0.0011743093561550635,0.053760671766307104,0.014784786461001093,0.1511890579234117,0.17401967361530163,0.1507679142696546
0.5,44,87,0.0009642070581417838,0.06167466449154632,0.018554532185308073,0.1525321850761669,0.1807070792224874,0.1535620675381227
0.5,45,120,0.0007761075072697922,0.0652392908259907,0.017233668741093444,0.15139507474557024,0.17827982095813302,0.1531003855706509
0.5,46,84,0.0009608398204358098,0.057005767800152665,0.018580488196756756,0.14453891332256277,0.1741433735369162,0.14590158990834423
0.5,47,93,0.0010803958926690028,0.06471132070260141,0.01943957986200649,0.14759190917821718,0.17550171700489076,0.14968339960325955
0.5,48,96,0.000716440656037658,0.05081779113850738,0.015739887990916083,0.1452061501220232,0.16838703448818798,0.14688693059035168
0.5,49,132,0.0007876371824846863,0.05749101045033168,0.016685910510163292,0.1417144603560922,0.17225090565974047,0.14330056423733611
0.5,50,81,0.0011096110883755926,0.0662737298745004,0.016522268201356494,0.14683413662067987,0.16693144993902295,0.14643230855988637
0.5,51,87,0.0006312610024835994,0.05588566552828927,0.015673890240104415,0.14153568995981003,0.16725188333209723,0.14204451541338506
0.5,52,81,0.0007006554489923984,0.05082469945138529,0.01689799910079227,0.13729662842721935,0.16260415884271445,0.13985041778437024
0.5,53,84,0.0008050066468009544,0.05515962629288279,0.015738228249878222,0.13947048440976295,0.16203175321683866,0.1393236964961791
0.5,54,63,0.0006653007815297408,0.051518595452396364,0.017350983480775517,0.13682996432313033,0.16643146621798058,0.14079415743174378
0.5,55,99,0.0008432912593553305,0.048292182763905345,0.01450908569534765,0.13500776086750435,0.15631470665257263,0.13578006003714357
0.5,56,66,0.0007105967066742847,0.040898606032093075,0.013329363133098088,0.13503878422473709,0.15594221260898006,0.13658927581260336
0.5,57,51,0.0007415820029146208,0.04048583947607064,0.01166759489090508,0.13410160599288987,0.15516948513871026,0.13386466776656897
0.5,58,66,0.0006875657476690426,0.048961066153394614,0.01443992756268008,0.13244481022385518,0.1524423549643037,0.1325262726607137
0.5,59,66,0.0009050940143028258,0.06083254075889137,0.016632042136869266,0.13004649020521558,0.1560146955969357,0.1333555112423451
0.5,60,99,0.0007335602231669647,0.04603464959677811,0.013254080905728561,0.1292912448665312,0.14684673508508678,0.12984606720669437
0.5,61,57,0.0007496760508920179,0.04387980978381057,0.014089957996054185,0.13049644130141086,0.1507655048201722,0.1295482685214632
0.5,62,72,0.0007452711685242145,0.045376532982116705,0.013687235363231133,0.12845163373599827,0.1548884050745731,0.13153790837859328
0.5,63,51,0.0006758724561400052,0.0490058865251623,0.014862581291914182,0.12502151473658835,0.15024397970817352,0.12845376688595916
0.5,64,8896,0.0006395878685396718,0.04732223782107318,0.013857130557822147,0.07509088272126782,0.11688531969389368,0.07264185610598217
0.75,1,2295,0.0,0.0,0.0,0.584705346204686,0.702728368926307,0.5844150947429342
0.75,2,1719,0.0,0.0,0.0,0.41172486363377164,0.490492061918116,0.41001611777592767
0.75,3,1308,0.002252450880873131,0.12845675716234844,0.03543046965353868,0.3369755091567684,0.4020336722720926,0.33923633183066415
0.75,4,1104,0.001714106038707708,0.08554259502335454,0.02548822486091345,0.29012774610850234,0.3476380843350635,0.29345870626824966
0.75,5,849,0.0012555177186770157,0.07406671028389607,0.021465471533147203,0.25987506314149655,0.31165873420247386,0.26099784460836123
0.75,6,798,0.0011782184081542716,0.06107242155615709,0.018037594214862354,0.23673408600425194,0.28117115224790706,0.2386157107627868
0.75,7,651,0.0013052324798621812,0.0781180141172937,0.02369560827051907,0.21894440419738684,0.26082185022947446,0.22223064154953073
0.75,8,624,0.0012113456602663886,0.06475515221170756,0.02036435728418431,0.2072931924044785,0.24354750037250553,0.20809591619291995
0.75,9,507,0.0011948660028401083,0.06583139632232057,0.018622711891832518,0.19385417265835483,0.2264432247054228,0.19525184044260274
0.75,10,498,0.0011014115426389692,0.05267273714267428,0.01526797020090909,0.18356586013510595,0.2112453182754496,0.18333203497915992
0.75,11,483,0.0009997548183896241,0.06365273055608386,0.018907806770170163,0.174764543650222,0.2062073561302511,0.1758616863157792
0.75,12,375,0.0010941647742451408,0.05518373112332518,0.01675877428119186,0.16825974391782075,0.1938521546547288,0.16834586485987413
0.75,13,375,0.0010036681611624487,0.051627475122791436,0.015861556771707308,0.16194305699334258,0.1863384153612428,0.1626064327099993
0.75,14,375,0.0008232183248065292,0.048456332458919546,0.014512010755200824,0.15507363262528936,0.18009897189403656,0.15602356961827213
0.75,15,375,0.0008527127600073508,0.05828379418348857,0.018472787465401895,0.15017753628456668,0.17839676099926097,0.15317650723038506
0.75,16,297,0.0009176054509628611,0.051366820793823216,0.0163548490008269,0.14635925652327453,0.17595957524638223,0.14930463786708548
0.75,17,327,0.0008614209966832475,0.049669912033643134,0.017402716524134516,0.14028894842751255,0.1629515612991518,0.1425225018989607
0.75,18,273,0.0006555033538683515,0.047630841475800115,0.014316411700878204,0.13752713554786455,0.162158611416562,0.13801400550494594
0.75,19,309,0.0007437784866325048,0.05088342775682744,0.01513158717075888,0.13508512965432073,0.15475198998052347,0.13536956721262172
0.75,20,249,0.0008569419523457948,0.04800069511461289,0.01463725839601472,0.1290183760636957,0.15260960232328188,0.13024673610142815
0.75,21,231,0.0008414209406877774,0.045432448533037746,0.013670524887563715,0.1280389094565967,0.14997484533374061,0.12854013622417002
0.75,22,255,0.0008419100876987805,0.03798189325966553,0.011555898358134739,0.12251763729895757,0.1424595570439231,0.12333972910587683
0.75,23,225,0.000939760697714439,0.041567436952194906,0.012826080337835367,0.12100950563222149,0.14130564076180965,0.12208570593865484
0.75,24,198,0.0005739991933016097,0.03917090089087825,0.011944838336236434,0.11660576854861754,0.13561971961599345,0.11721571087493914
0.75,25,183,0.0005855549370208183,0.04079860856585222,0.013706401920599992,0.11742736447399947,0.13634559869765955,0.11862738221294873
0.75,26,180,0.0006687862722700332,0.0336443730132503,0.010794012924521874,0.112395294583441,0.12683787036388483,0.11225012554387032
0.75,27,195,0.0006835908752259828,0.044421568930697757,0.0139588215123276,0.11114528171275136,0.12693105309682834,0.11176488887944935
0.75,28,168,0.0006157801397957675,0.04592234308692975,0.012737545099440438,0.11063807384742722,0.12904067202160663,0.1114066729625393
0.75,29,171,0.0006220113793769543,0.039119407075883676,0.011746180655298144,0.10706623550789066,0.12690719717294158,0.10922968239362915
0.75,30,165,0.0007417284624121069,0.04495774282443461,0.01285876082872074,0.1080117190767614,0.12527450608654633,0.10924617239671214
0.75,31,114,0.0005177129236005739,0.03526751121200932,0.011388588581247501,0.10186697851541351,0.11984989599339094,0.10385195128393812
0.75,32,156,0.000594821079604054,0.03656298430486002,0.011156795961535139,0.10405707705115858,0.12050650320942946,0.10373876070811501
0.75,33,129,0.0005700982761982994,0.034376121712748134,0.009763098810249012,0.10165807043294338,0.11676970585917892,0.10182302295156505
0.75,34,144,0.0007394534105752571,0.039448109638437354,0.012402368032101421,0.1008006202469418,0.11689731744539383,0.1018258220754777
0.75,35,138,0.0008107603663589172,0.04100156785585876,0.011365648874975376,0.10073668092414842,0.11596445127780436,0.10072196481655181
0.75,36,126,0.0007377698944899775,0.03659218205549206,0.010684666022640073,0.09755172172334008,0.11277128072855608,0.09851328396532681
0.75,37,102,0.0005645365174263801,0.03784442924969726,0.010590644035038581,0.09596601101287702,0.11053776690689132,0.09649875171731896
0.75,38,129,0.0005804425999391056,0.03661681562644799,0.011083764523948134,0.09636487822799486,0.11005926864924051,0.09526823508423352
0.75,39,90,0.00042157127684110986,0.033271330748935145,0.010303220317968048,0.09204070201820204,0.1060756318816245,0.0928614189934222
0.75,40,75,0.0004983113734537729,0.034977245337046534,0.012175409965914753,0.08929722173468473,0.10649021375050087,0.09218849906953011
0.75,41,114,0.0005758805675137621,0.029223834590941633,0.010000913594618143,0.0905543434171418,0.10627016547189498,0.09167271906809071
0.75,42,123,0.00047486579644794345,0.03003842451282204,0.009504691954874835,0.0895100825556462,0.10658852124807185,0.09058727679484832
0.75,43,87,0.0006991739860465934,0.03243905797429763,0.008866803910462085,0.08623100701082577,0.10039513450162417,0.0869428918002069
0.75,44,87,0.0005484764169353675,0.0394595417875285,0.010873335782320172,0.09055778935564043,0.10386623707445093,0.09028362798897287
0.75,45,120,0.00046865687388603897,0.03837345085554219,0.010083288822603238,0.08771191518911511,0.10409309954283966,0.08846224930024978
0.75,46,84,0.0005348221484965884,0.03221872759178042,0.010189525145176135,0.08864727430951243,0.09860327062819735,0.08724080972187427
0.75,47,93,0.0006238606061185176,0.03587358010306272,0.011830478676358192,0.08491454568449157,0.09982275775711132,0.08486166222541189
0.75,48,96,0.00041326596306954003,0.029698429054293915,0.009087209444750033,0.0838918389786438,0.09668428594145044,0.08425410989014563
0.75,49,132,0.0004900771536182867,0.03393831693178362,0.009319737088132156,0.08342566228039112,0.09605555282153867,0.0837876533118894
0.75,50,81,0.0006694453969416791,0.03292383329806744,0.009491886231667492,0.08410011371073983,0.09431005950766645,0.08322315440773859
0.75,51,87,0.00043037808320525495,0.030744428547698807,0.009269726962485186,0.08177415536075738,0.0989262851674526,0.08351815546069075
0.75,52,81,0.00044506311309925727,0.03164633938161506,0.00971780228741015,0.07980338688444609,0.09482323485176804,0.08163740504321619
0.75,53,84,0.0004331059782552185,0.030512486763221148,0.009256656699837072,0.0808096962881438,0.09697173194332778,0.08207610553267249
0.75,54,63,0.0003769732923938525,0.031195931079438424,0.009870906318586729,0.0788604822304044,0.09034653009841384,0.07935125532502188
0.75,55,99,0.00047749647594118305,0.029427882492315746,0.00889454932936933,0.07911953172263422,0.09183388447552845,0.07934290569100991
0.75,56,66,0.0005276166788067049,0.023614665229239738,0.007727606986279388,0.07824560141720993,0.09314864653302178,0.07884642394945995
0.75,57,51,0.00043375356080954625,0.02101950578647188,0.006495796693132885,0.07558705837270459,0.084244139806078,0.07540758350462157
0.75,58,66,0.00042575855554195915,0.02675800467005854,0.007950777203703815,0.07450140907897414,0.08548270939372563,0.07536179769164568
0.75,59,66,0.00047580742067850567,0.03587411122653445,0.010043905388416407,0.07711913696141463,0.09194057169218864,0.07791656962006281
0.75,60,99,0.0004197410333937767,0.029325485945540943,0.007845952907118566,0.07477599809153666,0.0867603491929132,0.07438921629729248
0.75,61,57,0.0004732504024484212,0.02588520456562246,0.008246334598671322,0.07166671424313348,0.08518651576961543,0.0730235444883331
0.75,62,72,0.0004280615343204234,0.03018338539357344,0.007939443111850924,0.07427098208295921,0.08841674635354695,0.07593344412166281
0.75,63,51,0.0003773714066923632,0.03395449440661895,0.00858901198344473,0.07554341860847866,0.08702911571699955,0.07480637176601435
0.75,64,8896,0.000362668180465038,0.027633385865525814,0.00797962456966396,0.04330635429458789,0.0676955966710788,0.04194894227493223
